﻿QUESTION_CODE,OPTION_CODE,CONTENT,ANSWER,STATUS
CODE_1,,Nội dung câu hỏi 1,"B,D",ACTIVE
,A,câu trả lời 1-1,,
,B,câu trả lời 1-2,,
,C,câu trả lời 1-3,,
,D,câu trả lời 1-4,,
CODE_2,,Nội dung câu hỏi 2,C,ACTIVE
,A,câu trả lời 2-1,,
,B,câu trả lời 2-2,,
,C,câu trả lời 2-3,,
,D,câu trả lời 2-4,,
CODE_3,,Nội dung câu hỏi 3,D,ACTIVE
,A,câu trả lời 3-1,,
,B,câu trả lời 3-2,,
,C,câu trả lời 3-3,,
,D,câu trả lời 3-4,,