﻿CODE,IMAGE,NAME,DESCRIPTION,PRICE,TYPE
SI_1,,sản phẩm chosi 1,des si 1,50000,CHOSI
SI_2,,product chosi 2,des si 2,60000,CHOSI
FO_1,,product fobelife 1,des fo 1,45000,FOBELIFE
FO_2,,product fobelife 2,des fo 2,40000,FOBELIFE
GIFT_1,https://fobelife.com/wp-content/uploads/2018/10/b1e7ee36e193f0882e669591e1559e4b.jpg,pro gift 1,des gift 1,4,GIFT
GIFT_2,https://fobelife.com/wp-content/uploads/2018/10/b1e7ee36e193f0882e669591e1559e4b.jpg,pro gift 2,des gift 2,6,GIFT
GIFT_3,https://fobelife.com/wp-content/uploads/2018/10/b1e7ee36e193f0882e669591e1559e4b.jpg,pro gift 3,des gift 3,8,GIFT
GIFT_4,https://fobelife.com/wp-content/uploads/2018/10/b1e7ee36e193f0882e669591e1559e4b.jpg,pro gift 4,des gift 4,10,GIFT
GIFT_5,https://fobelife.com/wp-content/uploads/2018/10/b1e7ee36e193f0882e669591e1559e4b.jpg,pro gift 5,des gift 5,12,GIFT
GIFT_6,https://fobelife.com/wp-content/uploads/2018/10/b1e7ee36e193f0882e669591e1559e4b.jpg,pro gift 6,des gift 6,14,GIFT
GIFT_7,https://fobelife.com/wp-content/uploads/2018/10/b1e7ee36e193f0882e669591e1559e4b.jpg,pro gift 7,des gift 7,16,GIFT
GIFT_8,https://fobelife.com/wp-content/uploads/2018/10/b1e7ee36e193f0882e669591e1559e4b.jpg,pro gift 8,des gift 8,18,GIFT
GIFT_9,https://fobelife.com/wp-content/uploads/2018/10/b1e7ee36e193f0882e669591e1559e4b.jpg,pro gift 9,des gift 9,20,GIFT
GIFT_10,https://fobelife.com/wp-content/uploads/2018/10/b1e7ee36e193f0882e669591e1559e4b.jpg,pro gift 10,des gift 10,22,GIFT
GIFT_11,https://fobelife.com/wp-content/uploads/2018/10/b1e7ee36e193f0882e669591e1559e4b.jpg,pro gift 11,des gift 11,24,GIFT
GIFT_12,https://fobelife.com/wp-content/uploads/2018/10/b1e7ee36e193f0882e669591e1559e4b.jpg,pro gift 12,des gift 12,26,GIFT
GIFT_13,https://fobelife.com/wp-content/uploads/2018/10/b1e7ee36e193f0882e669591e1559e4b.jpg,pro gift 13,des gift 13,28,GIFT
GIFT_14,https://fobelife.com/wp-content/uploads/2018/10/b1e7ee36e193f0882e669591e1559e4b.jpg,pro gift 14,des gift 14,30,GIFT
GIFT_15,https://fobelife.com/wp-content/uploads/2018/10/b1e7ee36e193f0882e669591e1559e4b.jpg,pro gift 15,des gift 15,32,GIFT
GIFT_16,https://fobelife.com/wp-content/uploads/2018/10/b1e7ee36e193f0882e669591e1559e4b.jpg,pro gift 16,des gift 16,34,GIFT